{
  "generator-plugin-wp": {
    "name": "Liquid Church Functions Plugin",
    "homepage": "http://www.liquidchurch.com/",
    "description": "Adds additional functionality to Liquid Messages WP plugin",
    "version": "0.5.0",
    "author": "Justin Sternberg",
    "authoremail": "justin@dsgnwrks.pro",
    "authorurl": "http://dsgnwrks.pro",
    "contributors": [
      {
        "name": "Justin Sternberg",
        "email": "justin@dsgnwrks.pro",
        "url": "http://dsgnwrks.pro"
      }
    ],
    "license": "GPLv2",
    "slug": "liquidchurch-functionality",
    "classname": "LiquidChurch_Functionality",
    "classprefix": "LCF_",
    "prefix": "lc_func",
    "year": 2016
  }
}
